{
  "central_body": "Earth",
  "spacecraft": [
    {
      "name": "SC-1",
      "color": [
        0,
        191,
        255
      ],
      "coe": {
        "a": 42157.0,
        "e": 9.999999747378752e-05,
        "i": 0.0,
        "raan": 0.0,
        "omega": 0.0,
        "theta": 66.7699966430664
      },
      "maneuvers": []
    },
    {
      "name": "SC-2",
      "color": [
        0,
        255,
        0
      ],
      "coe": {
        "a": 20117.0,
        "e": 9.999999747378752e-05,
        "i": 0.0,
        "raan": 0.0,
        "omega": 0.0,
        "theta": 0.0
      },
      "maneuvers": [
        {
          "time": 0.0,
          "dv_magnitude": 0.7281469462179073,
          "direction": "prograde"
        },
        {
          "time": 27339.85046296076,
          "dv_magnitude": 0.6033267940991576,
          "direction": "prograde"
        }
      ]
    }
  ]
}