{
  "central_body": "Earth",
  "spacecraft": [
    {
      "name": "SC-1",
      "color": [
        0,
        191,
        255
      ],
      "coe": {
        "a": 42164.0,
        "e": 0.4000000059604645,
        "i": 77.30000305175781,
        "raan": 162.10000610351562,
        "omega": 351.1000061035156,
        "theta": 23.5
      },
      "maneuvers": [
        {
          "time": 0.43472222222222223,
          "dv_magnitude": 0.8658000230789185,
          "direction": "retrograde"
        }
      ]
    }
  ]
}